{"Brunei": 14392.695, "Cambodia": 587136.2750000001, "Indonesia": 10392974.949000003, "Laos": 252540.14099999995, "Malaysia": 1072739.104, "Myanmar": 2301025.423, "Philippines": 3598787.775000001, "Singapore": 190764.01599999997, "Thailand": 3134964.2360000005, "Viet Nam": 3867731.0719999997}